<?xml version="1.0" encoding="UTF-8" ?>
<!--
 Licensed to the Apache Software Foundation (ASF) under one or more
 contributor license agreements.  See the NOTICE file distributed with
 this work for additional information regarding copyright ownership.
 The ASF licenses this file to You under the Apache License, Version 2.0
 (the "License"); you may not use this file except in compliance with
 the License.  You may obtain a copy of the License at

     http://www.apache.org/licenses/LICENSE-2.0

 Unless required by applicable law or agreed to in writing, software
 distributed under the License is distributed on an "AS IS" BASIS,
 WITHOUT WARRANTIES OR CONDITIONS OF ANY KIND, either express or implied.
 See the License for the specific language governing permissions and
 limitations under the License.
-->

<!--
 This is a stripped down config file used for a simple example...  
 It is *not* a good example to work from. 
-->
<config>
  <!-- Controls what version of Lucene various components of Solr
       adhere to.  Generally, you want to use the latest version to
       get all bug fixes and improvements. It is highly recommended
       that you fully re-index after changing this setting as it can
       affect both how text is indexed and queried.
  -->
  <luceneMatchVersion>5.2.0</luceneMatchVersion>
 
  <!--  The DirectoryFactory to use for indexes.
        solr.StandardDirectoryFactory, the default, is filesystem based.
        solr.RAMDirectoryFactory is memory based, not persistent, and doesn't work with replication. -->
  <directoryFactory name="DirectoryFactory" class="${solr.directoryFactory:solr.StandardDirectoryFactory}"/>

  <dataDir>${solr.common.data.dir:}</dataDir>

  <!-- The default high-performance update handler -->
  <updateHandler class="solr.DirectUpdateHandler2">

    <!-- Enables a transaction log, used for real-time get, durability, and
         and solr cloud replica recovery.  The log can grow as big as
         uncommitted changes to the index, so use of a hard autoCommit
         is recommended (see below).
         "dir" - the target directory for transaction logs, defaults to the
                solr data directory.  --> 
    <updateLog>
      <str name="dir">${solr.common.data.dir:}</str>
    </updateLog>
 
    <!-- AutoCommit

         Perform a hard commit automatically under certain conditions.
         Instead of enabling autoCommit, consider using "commitWithin"
         when adding documents. 

         http://wiki.apache.org/solr/UpdateXmlMessages

         maxDocs - Maximum number of documents to add since the last
                   commit before automatically triggering a new commit.

         maxTime - Maximum amount of time in ms that is allowed to pass
                   since a document was added before automatically
                   triggering a new commit. 
         openSearcher - if false, the commit causes recent index changes
           to be flushed to stable storage, but does not cause a new
           searcher to be opened to make those changes visible.

         If the updateLog is enabled, then it's highly recommended to
         have some sort of hard autoCommit to limit the log size.
     <autoCommit> 
       <maxTime>${solr.autoCommit.maxTime:15000}</maxTime> 
       <openSearcher>false</openSearcher> 
     </autoCommit>
      -->

    <!-- softAutoCommit is like autoCommit except it causes a
         'soft' commit which only ensures that changes are visible
         but does not ensure that data is synced to disk.  This is
         faster and more near-realtime friendly than a hard commit.
     <autoSoftCommit> 
       <maxTime>${solr.autoSoftCommit.maxTime:-1}</maxTime> 
     </autoSoftCommit>
      -->

  </updateHandler>

  <!-- To enable dynamic schema REST APIs, use the following for <schemaFactory>:
  
       <schemaFactory class="ManagedIndexSchemaFactory">
         <bool name="mutable">true</bool>
         <str name="managedSchemaResourceName">managed-schema</str>
       </schemaFactory>
       
       When ManagedIndexSchemaFactory is specified, Solr will load the schema from
       he resource named in 'managedSchemaResourceName', rather than from schema.xml.
       Note that the managed schema resource CANNOT be named schema.xml.  If the managed
       schema does not exist, Solr will create it after reading schema.xml, then rename
       'schema.xml' to 'schema.xml.bak'. 
       
       Do NOT hand edit the managed schema - external modifications will be ignored and
       overwritten as a result of schema modification REST API calls.

       When ManagedIndexSchemaFactory is specified with mutable = true, schema
       modification REST API calls will be allowed; otherwise, error responses will be
       sent back for these requests. 
  -->
  <schemaFactory class="ClassicIndexSchemaFactory"/>

  <query>
    <!-- Solr Internal Query Caches

         There are two implementations of cache available for Solr,
         LRUCache, based on a synchronized LinkedHashMap, and
         FastLRUCache, based on a ConcurrentHashMap.  

         FastLRUCache has faster gets and slower puts in single
         threaded operation and thus is generally faster than LRUCache
         when the hit ratio of the cache is high (> 75%), and may be
         faster under other scenarios on multi-cpu systems.
    -->

    <!-- Filter Cache

         Cache used by SolrIndexSearcher for filters (DocSets),
         unordered sets of *all* documents that match a query.  When a
         new searcher is opened, its caches may be prepopulated or
         "autowarmed" using data from caches in the old searcher.
         autowarmCount is the number of items to prepopulate.  For
         LRUCache, the autowarmed items will be the most recently
         accessed items.

         Parameters:
           class - the SolrCache implementation LRUCache or
               (LRUCache or FastLRUCache)
           size - the maximum number of entries in the cache
           initialSize - the initial capacity (number of entries) of
               the cache.  (see java.util.HashMap)
           autowarmCount - the number of entries to prepopulate from
               and old cache.  
      -->
    <filterCache class="solr.FastLRUCache"
                 size="512"
                 initialSize="512"
                 autowarmCount="0"/>

    <!-- Query Result Cache
         
         Caches results of searches - ordered lists of document ids
         (DocList) based on a query, a sort, and the range of documents requested.  
      -->
    <queryResultCache class="solr.FastLRUCache"
                      size="512"
                      initialSize="512"
                      autowarmCount="0"/>

    <!-- Document Cache

         Caches Lucene Document objects (the stored fields for each
         document).  Since Lucene internal document ids are transient,
         this cache will not be autowarmed.  
      -->
    <documentCache class="solr.FastLRUCache"
                   size="512"
                   initialSize="512"
                   autowarmCount="0"/>
	</query>

  <requestDispatcher handleSelect="false" >
    <requestParsers enableRemoteStreaming="false" multipartUploadLimitInKB="2048" formdataUploadLimitInKB="2048" />
  </requestDispatcher>
  
  <!-- SearchHandler

       http://wiki.apache.org/solr/SearchHandler

       For processing Search Queries, the primary Request Handler
       provided with Solr is "SearchHandler" It delegates to a sequent
       of SearchComponents (see below) and supports distributed
       queries across multiple shards
    -->
  <requestHandler name="/select" class="solr.SearchHandler">
    <!-- default values for query parameters can be specified, these
         will be overridden by parameters in the request
      -->
     <lst name="defaults">
       <str name="echoParams">explicit</str>
       <int name="rows">25</int>
       <str name="df">searchfield</str>
     </lst>
  </requestHandler>

  <!-- realtime get handler, guaranteed to return the latest stored fields 
    of any document, without the need to commit or open a new searcher. The current 
    implementation relies on the updateLog feature being enabled. -->
  <requestHandler name="/get" class="solr.RealTimeGetHandler">
    <lst name="defaults">
      <str name="omitHeader">true</str>
    </lst>
  </requestHandler>  
  
  <requestHandler name="standard" class="solr.StandardRequestHandler" default="true" />
  <requestHandler name="/replication" class="solr.ReplicationHandler" startup="lazy" /> 
  <requestHandler name="/analysis/field" startup="lazy" class="solr.FieldAnalysisRequestHandler" />
  <requestHandler name="/update" class="solr.UpdateRequestHandler"  />
  <requestHandler name="/admin/" class="org.apache.solr.handler.admin.AdminHandlers" />
     
  <requestHandler name="/admin/ping" class="solr.PingRequestHandler">
    <lst name="invariants">
      <str name="q">*:*</str>
      <str name="start">0</str>
      <str name="rows">0</str>
    </lst>
    <lst name="defaults">
      <str name="echoParams">all</str>
      <str name="df">0</str>
    </lst>
	 	<!-- 
	 	An optional feature of the PingRequestHandler is to configure the
 		handler with a "healthcheckFile" which can be used to enable/disable
 		the PingRequestHandler.
 		relative paths are resolved against the data dir
 		-->
 		<str name="healthcheckFile">server-enabled.txt</str> 
  </requestHandler>
   
  <!-- config for the admin interface --> 
  <admin>
    <defaultQuery>solr</defaultQuery>
  </admin>

</config>

